game_id,season,season_type,game_date,game_date_time,team_id,team_uid,team_slug,team_location,team_name,team_abbreviation,team_display_name,team_short_display_name,team_color,team_alternate_color,team_logo,team_home_away,team_score,team_winner,assists,blocks,defensive_rebounds,field_goal_pct,field_goals_made,field_goals_attempted,flagrant_fouls,fouls,free_throw_pct,free_throws_made,free_throws_attempted,offensive_rebounds,steals,team_turnovers,technical_fouls,three_point_field_goal_pct,three_point_field_goals_made,three_point_field_goals_attempted,total_rebounds,total_technical_fouls,total_turnovers,turnovers,opponent_team_id,opponent_team_uid,opponent_team_slug,opponent_team_location,opponent_team_name,opponent_team_abbreviation,opponent_team_display_name,opponent_team_short_display_name,opponent_team_color,opponent_team_alternate_color,opponent_team_logo,opponent_team_score
244000063,2004,3,2004-04-06,2004-04-06T20:30:00.000000-0400,41,s:40~l:54~t:41,uconn-huskies,UConn,Huskies,CONN,UConn Huskies,UConn,0c2340,f1f2f3,https://a.espncdn.com/i/teamlogos/ncaa/500/41.png,away,70,true,0,0,21,47.1,24,51,0,10,75.0,15,20,6,0,0,0,50.0,7,14,27,0,0,0,2633,s:40~l:54~t:2633,tennessee-lady-volunteers,Tennessee,Lady Volunteers,TENN,Tennessee Lady Volunteers,Tennessee,ff8200,ffffff,https://a.espncdn.com/i/teamlogos/ncaa/500/2633_ncw.png,61
244000063,2004,3,2004-04-06,2004-04-06T20:30:00.000000-0400,2633,s:40~l:54~t:2633,tennessee-lady-volunteers,Tennessee,Lady Volunteers,TENN,Tennessee Lady Volunteers,Tennessee,ff8200,ffffff,https://a.espncdn.com/i/teamlogos/ncaa/500/2633_ncw.png,home,61,false,0,0,20,35.5,22,62,0,18,72.2,13,18,11,0,0,0,25.0,4,16,31,0,0,0,41,s:40~l:54~t:41,uconn-huskies,UConn,Huskies,CONN,UConn Huskies,UConn,0c2340,f1f2f3,https://a.espncdn.com/i/teamlogos/ncaa/500/41.png,70
244000062,2004,3,2004-04-04,2004-04-04T19:00:00.000000-0400,99,s:40~l:54~t:99,lsu-tigers,LSU,Tigers,LSU,LSU Tigers,LSU,461d7c,fdd023,https://a.espncdn.com/i/teamlogos/ncaa/500/99.png,away,50,false,0,0,24,37.3,19,51,0,17,63.2,12,19,6,0,0,0,0.0,0,4,30,0,0,0,2633,s:40~l:54~t:2633,tennessee-lady-volunteers,Tennessee,Lady Volunteers,TENN,Tennessee Lady Volunteers,Tennessee,ff8200,ffffff,https://a.espncdn.com/i/teamlogos/ncaa/500/2633_ncw.png,52
244000062,2004,3,2004-04-04,2004-04-04T19:00:00.000000-0400,2633,s:40~l:54~t:2633,tennessee-lady-volunteers,Tennessee,Lady Volunteers,TENN,Tennessee Lady Volunteers,Tennessee,ff8200,ffffff,https://a.espncdn.com/i/teamlogos/ncaa/500/2633_ncw.png,home,52,true,0,0,28,31.6,18,57,0,19,73.7,14,19,14,0,0,0,27.3,3,11,42,0,0,0,99,s:40~l:54~t:99,lsu-tigers,LSU,Tigers,LSU,LSU Tigers,LSU,461d7c,fdd023,https://a.espncdn.com/i/teamlogos/ncaa/500/99.png,50
244000031,2004,3,2004-04-04,2004-04-04T21:30:00.000000-0400,135,s:40~l:54~t:135,minnesota-golden-gophers,Minnesota,Golden Gophers,MINN,Minnesota Golden Gophers,Minnesota,981a31,981a31,https://a.espncdn.com/i/teamlogos/ncaa/500/135.png,away,58,false,0,0,15,44.0,22,50,0,13,66.7,8,12,7,0,0,0,35.3,6,17,22,0,0,0,41,s:40~l:54~t:41,uconn-huskies,UConn,Huskies,CONN,UConn Huskies,UConn,0c2340,f1f2f3,https://a.espncdn.com/i/teamlogos/ncaa/500/41.png,67
244000031,2004,3,2004-04-04,2004-04-04T21:30:00.000000-0400,41,s:40~l:54~t:41,uconn-huskies,UConn,Huskies,CONN,UConn Huskies,UConn,0c2340,f1f2f3,https://a.espncdn.com/i/teamlogos/ncaa/500/41.png,home,67,true,0,0,23,47.3,26,55,0,12,83.3,10,12,12,0,0,0,33.3,5,15,35,0,0,0,135,s:40~l:54~t:135,minnesota-golden-gophers,Minnesota,Golden Gophers,MINN,Minnesota Golden Gophers,Minnesota,981a31,981a31,https://a.espncdn.com/i/teamlogos/ncaa/500/135.png,58
244000015,2004,3,2004-03-30,2004-03-30T19:00:00.000000-0500,135,s:40~l:54~t:135,minnesota-golden-gophers,Minnesota,Golden Gophers,MINN,Minnesota Golden Gophers,Minnesota,981a31,981a31,https://a.espncdn.com/i/teamlogos/ncaa/500/135.png,away,82,true,0,0,27,51.0,26,51,0,20,81.5,22,27,3,0,0,0,40.0,6,15,30,0,0,0,150,s:40~l:54~t:150,duke-blue-devils,Duke,Blue Devils,DUKE,Duke Blue Devils,Duke,013088,ffffff,https://a.espncdn.com/i/teamlogos/ncaa/500/150.png,75
244000015,2004,3,2004-03-30,2004-03-30T19:00:00.000000-0500,150,s:40~l:54~t:150,duke-blue-devils,Duke,Blue Devils,DUKE,Duke Blue Devils,Duke,013088,ffffff,https://a.espncdn.com/i/teamlogos/ncaa/500/150.png,home,75,false,0,0,21,46.3,25,54,0,20,74.2,23,31,3,0,0,0,37.5,3,8,24,0,0,0,135,s:40~l:54~t:135,minnesota-golden-gophers,Minnesota,Golden Gophers,MINN,Minnesota Golden Gophers,Minnesota,981a31,981a31,https://a.espncdn.com/i/teamlogos/ncaa/500/135.png,82
244000030,2004,3,2004-03-30,2004-03-30T21:00:00.000000-0500,24,s:40~l:54~t:24,stanford-cardinal,Stanford,Cardinal,STAN,Stanford Cardinal,Stanford,8c1515,ffffff,https://a.espncdn.com/i/teamlogos/ncaa/500/24.png,away,60,false,0,0,16,50.0,28,56,0,13,33.3,1,3,8,0,0,0,18.8,3,16,24,0,0,0,2633,s:40~l:54~t:2633,tennessee-lady-volunteers,Tennessee,Lady Volunteers,TENN,Tennessee Lady Volunteers,Tennessee,ff8200,ffffff,https://a.espncdn.com/i/teamlogos/ncaa/500/2633_ncw.png,62
244000030,2004,3,2004-03-30,2004-03-30T21:00:00.000000-0500,2633,s:40~l:54~t:2633,tennessee-lady-volunteers,Tennessee,Lady Volunteers,TENN,Tennessee Lady Volunteers,Tennessee,ff8200,ffffff,https://a.espncdn.com/i/teamlogos/ncaa/500/2633_ncw.png,home,62,true,0,0,16,48.1,25,52,0,9,81.8,9,11,6,0,0,0,42.9,3,7,22,0,0,0,24,s:40~l:54~t:24,stanford-cardinal,Stanford,Cardinal,STAN,Stanford Cardinal,Stanford,8c1515,ffffff,https://a.espncdn.com/i/teamlogos/ncaa/500/24.png,60
244000061,2004,3,2004-03-29,2004-03-29T19:00:00.000000-0500,41,s:40~l:54~t:41,uconn-huskies,UConn,Huskies,CONN,UConn Huskies,UConn,0c2340,f1f2f3,https://a.espncdn.com/i/teamlogos/ncaa/500/41.png,away,66,true,0,0,27,50.0,21,42,0,13,69.2,18,26,6,0,0,0,33.3,6,18,33,0,0,0,213,s:40~l:54~t:213,penn-state-lady-lions,Penn State,Lady Lions,PSU,Penn State Lady Lions,Penn State,00265D,002e5c,https://a.espncdn.com/i/teamlogos/ncaa/500/213.png,49
244000061,2004,3,2004-03-29,2004-03-29T19:00:00.000000-0500,213,s:40~l:54~t:213,penn-state-lady-lions,Penn State,Lady Lions,PSU,Penn State Lady Lions,Penn State,00265D,002e5c,https://a.espncdn.com/i/teamlogos/ncaa/500/213.png,home,49,false,0,0,14,28.1,16,57,0,19,80.0,12,15,9,0,0,0,25.0,5,20,23,0,0,0,41,s:40~l:54~t:41,uconn-huskies,UConn,Huskies,CONN,UConn Huskies,UConn,0c2340,f1f2f3,https://a.espncdn.com/i/teamlogos/ncaa/500/41.png,66
244000046,2004,3,2004-03-29,2004-03-29T21:00:00.000000-0500,99,s:40~l:54~t:99,lsu-tigers,LSU,Tigers,LSU,LSU Tigers,LSU,461d7c,fdd023,https://a.espncdn.com/i/teamlogos/ncaa/500/99.png,away,62,true,0,0,27,43.1,25,58,0,13,76.9,10,13,10,0,0,0,100.0,2,2,37,0,0,0,61,s:40~l:54~t:61,georgia-lady-bulldogs,Georgia,Lady Bulldogs,UGA,Georgia Lady Bulldogs,Georgia,CC0000,000000,https://a.espncdn.com/i/teamlogos/ncaa/500/61.png,60
244000046,2004,3,2004-03-29,2004-03-29T21:00:00.000000-0500,61,s:40~l:54~t:61,georgia-lady-bulldogs,Georgia,Lady Bulldogs,UGA,Georgia Lady Bulldogs,Georgia,CC0000,000000,https://a.espncdn.com/i/teamlogos/ncaa/500/61.png,home,60,false,0,0,24,37.0,20,54,0,11,66.7,14,21,6,0,0,0,54.5,6,11,30,0,0,0,99,s:40~l:54~t:99,lsu-tigers,LSU,Tigers,LSU,LSU Tigers,LSU,461d7c,fdd023,https://a.espncdn.com/i/teamlogos/ncaa/500/99.png,62
244000007,2004,3,2004-03-28,2004-03-28T12:00:00.000000-0500,2348,s:40~l:54~t:2348,louisiana-tech-lady-techsters,Louisiana Tech,Lady Techsters,LT,Louisiana Tech Lady Techsters,Louisiana Tech,002d65,d3313a,https://a.espncdn.com/i/teamlogos/ncaa/500/2348.png,away,49,false,0,0,21,32.3,20,62,0,17,58.3,7,12,12,0,0,0,18.2,2,11,33,0,0,0,150,s:40~l:54~t:150,duke-blue-devils,Duke,Blue Devils,DUKE,Duke Blue Devils,Duke,013088,ffffff,https://a.espncdn.com/i/teamlogos/ncaa/500/150.png,63
244000007,2004,3,2004-03-28,2004-03-28T12:00:00.000000-0500,150,s:40~l:54~t:150,duke-blue-devils,Duke,Blue Devils,DUKE,Duke Blue Devils,Duke,013088,ffffff,https://a.espncdn.com/i/teamlogos/ncaa/500/150.png,home,63,true,0,0,26,38.6,22,57,0,16,88.2,15,17,9,0,0,0,26.7,4,15,35,0,0,0,2348,s:40~l:54~t:2348,louisiana-tech-lady-techsters,Louisiana Tech,Lady Techsters,LT,Louisiana Tech Lady Techsters,Louisiana Tech,002d65,d3313a,https://a.espncdn.com/i/teamlogos/ncaa/500/2348.png,49
244000014,2004,3,2004-03-28,2004-03-28T14:30:00.000000-0500,135,s:40~l:54~t:135,minnesota-golden-gophers,Minnesota,Golden Gophers,MINN,Minnesota Golden Gophers,Minnesota,981a31,981a31,https://a.espncdn.com/i/teamlogos/ncaa/500/135.png,away,76,true,0,0,17,47.2,25,53,0,16,64.5,20,31,12,0,0,0,42.9,6,14,29,0,0,0,103,s:40~l:54~t:103,boston-college-eagles,Boston College,Eagles,BC,Boston College Eagles,Boston College,8c2232,dbcca6,https://a.espncdn.com/i/teamlogos/ncaa/500/103.png,63
244000014,2004,3,2004-03-28,2004-03-28T14:30:00.000000-0500,103,s:40~l:54~t:103,boston-college-eagles,Boston College,Eagles,BC,Boston College Eagles,Boston College,8c2232,dbcca6,https://a.espncdn.com/i/teamlogos/ncaa/500/103.png,home,63,false,0,0,22,45.1,23,51,0,22,81.3,13,16,6,0,0,0,26.7,4,15,28,0,0,0,135,s:40~l:54~t:135,minnesota-golden-gophers,Minnesota,Golden Gophers,MINN,Minnesota Golden Gophers,Minnesota,981a31,981a31,https://a.espncdn.com/i/teamlogos/ncaa/500/135.png,76
244000029,2004,3,2004-03-28,2004-03-28T19:00:00.000000-0500,24,s:40~l:54~t:24,stanford-cardinal,Stanford,Cardinal,STAN,Stanford Cardinal,Stanford,8c1515,ffffff,https://a.espncdn.com/i/teamlogos/ncaa/500/24.png,away,57,true,0,0,24,43.8,21,48,0,15,80.0,8,10,7,0,0,0,40.9,9,22,31,0,0,0,238,s:40~l:54~t:238,vanderbilt-commodores,Vanderbilt,Commodores,VAN,Vanderbilt Commodores,Vanderbilt,000000,231f20,https://a.espncdn.com/i/teamlogos/ncaa/500/238.png,55
244000029,2004,3,2004-03-28,2004-03-28T19:00:00.000000-0500,238,s:40~l:54~t:238,vanderbilt-commodores,Vanderbilt,Commodores,VAN,Vanderbilt Commodores,Vanderbilt,000000,231f20,https://a.espncdn.com/i/teamlogos/ncaa/500/238.png,home,55,false,0,0,17,40.7,22,54,0,15,53.3,8,15,6,0,0,0,27.3,3,11,23,0,0,0,24,s:40~l:54~t:24,stanford-cardinal,Stanford,Cardinal,STAN,Stanford Cardinal,Stanford,8c1515,ffffff,https://a.espncdn.com/i/teamlogos/ncaa/500/24.png,57
244000022,2004,3,2004-03-28,2004-03-28T21:30:00.000000-0500,239,s:40~l:54~t:239,baylor-bears,Baylor,Bears,BAY,Baylor Bears,Baylor,154734,ffb81c,https://a.espncdn.com/i/teamlogos/ncaa/500/239.png,away,69,false,0,0,18,41.0,25,61,0,19,63.2,12,19,12,0,0,0,50.0,7,14,30,0,0,0,2633,s:40~l:54~t:2633,tennessee-lady-volunteers,Tennessee,Lady Volunteers,TENN,Tennessee Lady Volunteers,Tennessee,ff8200,ffffff,https://a.espncdn.com/i/teamlogos/ncaa/500/2633_ncw.png,71
244000022,2004,3,2004-03-28,2004-03-28T21:30:00.000000-0500,2633,s:40~l:54~t:2633,tennessee-lady-volunteers,Tennessee,Lady Volunteers,TENN,Tennessee Lady Volunteers,Tennessee,ff8200,ffffff,https://a.espncdn.com/i/teamlogos/ncaa/500/2633_ncw.png,home,71,true,0,0,23,41.1,23,56,0,16,74.2,23,31,14,0,0,0,22.2,2,9,37,0,0,0,239,s:40~l:54~t:239,baylor-bears,Baylor,Bears,BAY,Baylor Bears,Baylor,154734,ffb81c,https://a.espncdn.com/i/teamlogos/ncaa/500/239.png,69
244000053,2004,3,2004-03-27,2004-03-27T12:00:00.000000-0500,87,s:40~l:54~t:87,notre-dame-fighting-irish,Notre Dame,Fighting Irish,ND,Notre Dame Fighting Irish,Notre Dame,0c2340,c99700,https://a.espncdn.com/i/teamlogos/ncaa/500/87.png,away,49,false,0,0,18,32.8,19,58,0,14,60.0,9,15,15,0,0,0,18.2,2,11,33,0,0,0,213,s:40~l:54~t:213,penn-state-lady-lions,Penn State,Lady Lions,PSU,Penn State Lady Lions,Penn State,00265D,002e5c,https://a.espncdn.com/i/teamlogos/ncaa/500/213.png,55
244000053,2004,3,2004-03-27,2004-03-27T12:00:00.000000-0500,213,s:40~l:54~t:213,penn-state-lady-lions,Penn State,Lady Lions,PSU,Penn State Lady Lions,Penn State,00265D,002e5c,https://a.espncdn.com/i/teamlogos/ncaa/500/213.png,home,55,true,0,0,21,36.7,18,49,0,12,81.3,13,16,11,0,0,0,30.0,6,20,32,0,0,0,87,s:40~l:54~t:87,notre-dame-fighting-irish,Notre Dame,Fighting Irish,ND,Notre Dame Fighting Irish,Notre Dame,0c2340,c99700,https://a.espncdn.com/i/teamlogos/ncaa/500/87.png,49
244000060,2004,3,2004-03-27,2004-03-27T14:30:00.000000-0500,2540,s:40~l:54~t:2540,uc-santa-barbara-gauchos,UC Santa Barbara,Gauchos,UCSB,UC Santa Barbara Gauchos,UCSB,1D1160,fdb813,https://a.espncdn.com/i/teamlogos/ncaa/500/2540.png,away,55,false,0,0,13,40.4,19,47,0,20,69.2,9,13,6,0,0,0,47.1,8,17,19,0,0,0,41,s:40~l:54~t:41,uconn-huskies,UConn,Huskies,CONN,UConn Huskies,UConn,0c2340,f1f2f3,https://a.espncdn.com/i/teamlogos/ncaa/500/41.png,63
244000060,2004,3,2004-03-27,2004-03-27T14:30:00.000000-0500,41,s:40~l:54~t:41,uconn-huskies,UConn,Huskies,CONN,UConn Huskies,UConn,0c2340,f1f2f3,https://a.espncdn.com/i/teamlogos/ncaa/500/41.png,home,63,true,0,0,18,42.9,21,49,0,12,72.7,16,22,9,0,0,0,25.0,5,20,27,0,0,0,2540,s:40~l:54~t:2540,uc-santa-barbara-gauchos,UC Santa Barbara,Gauchos,UCSB,UC Santa Barbara Gauchos,UCSB,1D1160,fdb813,https://a.espncdn.com/i/teamlogos/ncaa/500/2540.png,55
244000038,2004,3,2004-03-27,2004-03-27T21:00:00.000000-0500,99,s:40~l:54~t:99,lsu-tigers,LSU,Tigers,LSU,LSU Tigers,LSU,461d7c,fdd023,https://a.espncdn.com/i/teamlogos/ncaa/500/99.png,away,71,true,0,0,23,46.9,30,64,0,15,66.7,8,12,12,0,0,0,42.9,3,7,35,0,0,0,251,s:40~l:54~t:251,texas-longhorns,Texas,Longhorns,TEX,Texas Longhorns,Texas,c15d26,ffffff,https://a.espncdn.com/i/teamlogos/ncaa/500/251.png,55
244000038,2004,3,2004-03-27,2004-03-27T21:00:00.000000-0500,251,s:40~l:54~t:251,texas-longhorns,Texas,Longhorns,TEX,Texas Longhorns,Texas,c15d26,ffffff,https://a.espncdn.com/i/teamlogos/ncaa/500/251.png,home,55,false,0,0,20,37.7,20,53,0,10,56.3,9,16,10,0,0,0,37.5,6,16,30,0,0,0,99,s:40~l:54~t:99,lsu-tigers,LSU,Tigers,LSU,LSU Tigers,LSU,461d7c,fdd023,https://a.espncdn.com/i/teamlogos/ncaa/500/99.png,71
244000045,2004,3,2004-03-27,2004-03-27T23:30:00.000000-0500,61,s:40~l:54~t:61,georgia-lady-bulldogs,Georgia,Lady Bulldogs,UGA,Georgia Lady Bulldogs,Georgia,CC0000,000000,https://a.espncdn.com/i/teamlogos/ncaa/500/61.png,away,66,true,0,0,27,45.5,25,55,0,14,76.5,13,17,9,0,0,1,25.0,3,12,36,1,0,0,2509,s:40~l:54~t:2509,purdue-boilermakers,Purdue,Boilermakers,PUR,Purdue Boilermakers,Purdue,000000,cfb991,https://a.espncdn.com/i/teamlogos/ncaa/500/2509.png,64
244000045,2004,3,2004-03-27,2004-03-27T23:30:00.000000-0500,2509,s:40~l:54~t:2509,purdue-boilermakers,Purdue,Boilermakers,PUR,Purdue Boilermakers,Purdue,000000,cfb991,https://a.espncdn.com/i/teamlogos/ncaa/500/2509.png,home,64,false,0,0,19,43.5,27,62,0,15,77.8,7,9,6,0,0,0,66.7,6,9,25,0,0,0,61,s:40~l:54~t:61,georgia-lady-bulldogs,Georgia,Lady Bulldogs,UGA,Georgia Lady Bulldogs,Georgia,CC0000,000000,https://a.espncdn.com/i/teamlogos/ncaa/500/61.png,66
244000052,2004,3,2004-03-23,2004-03-23T19:00:00.000000-0500,2393,s:40~l:54~t:2393,middle-tennessee-blue-raiders,Middle Tennessee,Blue Raiders,MTSU,Middle Tennessee Blue Raiders,MTSU,006db6,ffffff,https://a.espncdn.com/i/teamlogos/ncaa/500/2393.png,away,46,false,0,0,13,33.3,18,54,0,13,66.7,8,12,6,0,0,0,15.4,2,13,19,0,0,0,87,s:40~l:54~t:87,notre-dame-fighting-irish,Notre Dame,Fighting Irish,ND,Notre Dame Fighting Irish,Notre Dame,0c2340,c99700,https://a.espncdn.com/i/teamlogos/ncaa/500/87.png,59
244000052,2004,3,2004-03-23,2004-03-23T19:00:00.000000-0500,87,s:40~l:54~t:87,notre-dame-fighting-irish,Notre Dame,Fighting Irish,ND,Notre Dame Fighting Irish,Notre Dame,0c2340,c99700,https://a.espncdn.com/i/teamlogos/ncaa/500/87.png,home,59,true,0,0,23,59.1,26,44,0,14,42.9,3,7,6,0,0,0,66.7,4,6,29,0,0,0,2393,s:40~l:54~t:2393,middle-tennessee-blue-raiders,Middle Tennessee,Blue Raiders,MTSU,Middle Tennessee Blue Raiders,MTSU,006db6,ffffff,https://a.espncdn.com/i/teamlogos/ncaa/500/2393.png,46
244000049,2004,3,2004-03-23,2004-03-23T19:00:00.000000-0500,259,s:40~l:54~t:259,virginia-tech-hokies,Virginia Tech,Hokies,VT,Virginia Tech Hokies,Virginia Tech,630031,cf4520,https://a.espncdn.com/i/teamlogos/ncaa/500/259.png,away,48,false,0,0,22,40.9,18,44,0,12,66.7,8,12,5,0,0,0,66.7,4,6,27,0,0,0,213,s:40~l:54~t:213,penn-state-lady-lions,Penn State,Lady Lions,PSU,Penn State Lady Lions,Penn State,00265D,002e5c,https://a.espncdn.com/i/teamlogos/ncaa/500/213.png,61
244000049,2004,3,2004-03-23,2004-03-23T19:00:00.000000-0500,213,s:40~l:54~t:213,penn-state-lady-lions,Penn State,Lady Lions,PSU,Penn State Lady Lions,Penn State,00265D,002e5c,https://a.espncdn.com/i/teamlogos/ncaa/500/213.png,home,61,true,0,0,18,45.5,25,55,0,12,88.9,8,9,4,0,0,0,20.0,3,15,22,0,0,0,259,s:40~l:54~t:259,virginia-tech-hokies,Virginia Tech,Hokies,VT,Virginia Tech Hokies,Virginia Tech,630031,cf4520,https://a.espncdn.com/i/teamlogos/ncaa/500/259.png,48
244000044,2004,3,2004-03-23,2004-03-23T19:00:00.000000-0500,222,s:40~l:54~t:222,villanova-wildcats,Villanova,Wildcats,VILL,Villanova Wildcats,Villanova,00205b,13b5ea,https://a.espncdn.com/i/teamlogos/ncaa/500/222.png,away,42,false,0,0,15,34.7,17,49,0,12,50.0,4,8,5,0,0,0,23.5,4,17,20,0,0,0,2509,s:40~l:54~t:2509,purdue-boilermakers,Purdue,Boilermakers,PUR,Purdue Boilermakers,Purdue,000000,cfb991,https://a.espncdn.com/i/teamlogos/ncaa/500/2509.png,60
244000044,2004,3,2004-03-23,2004-03-23T19:00:00.000000-0500,2509,s:40~l:54~t:2509,purdue-boilermakers,Purdue,Boilermakers,PUR,Purdue Boilermakers,Purdue,000000,cfb991,https://a.espncdn.com/i/teamlogos/ncaa/500/2509.png,home,60,true,0,0,29,53.7,22,41,0,16,70.0,14,20,1,0,0,0,71.4,5,7,30,0,0,0,222,s:40~l:54~t:222,villanova-wildcats,Villanova,Wildcats,VILL,Villanova Wildcats,Villanova,00205b,13b5ea,https://a.espncdn.com/i/teamlogos/ncaa/500/222.png,42
244000003,2004,3,2004-03-23,2004-03-23T19:00:00.000000-0500,269,s:40~l:54~t:269,marquette-golden-eagles,Marquette,Golden Eagles,MARQ,Marquette Golden Eagles,Marquette,083963,ffffff,https://a.espncdn.com/i/teamlogos/ncaa/500/269.png,away,67,false,0,0,14,38.3,23,60,0,15,80.0,16,20,7,0,0,0,26.3,5,19,21,0,0,0,150,s:40~l:54~t:150,duke-blue-devils,Duke,Blue Devils,DUKE,Duke Blue Devils,Duke,013088,ffffff,https://a.espncdn.com/i/teamlogos/ncaa/500/150.png,76
244000003,2004,3,2004-03-23,2004-03-23T19:00:00.000000-0500,150,s:40~l:54~t:150,duke-blue-devils,Duke,Blue Devils,DUKE,Duke Blue Devils,Duke,013088,ffffff,https://a.espncdn.com/i/teamlogos/ncaa/500/150.png,home,76,true,0,0,29,53.7,29,54,0,17,93.3,14,15,8,0,0,0,28.6,4,14,37,0,0,0,269,s:40~l:54~t:269,marquette-golden-eagles,Marquette,Golden Eagles,MARQ,Marquette Golden Eagles,Marquette,083963,ffffff,https://a.espncdn.com/i/teamlogos/ncaa/500/269.png,67
244000059,2004,3,2004-03-23,2004-03-23T21:00:00.000000-0500,2,s:40~l:54~t:2,auburn-tigers,Auburn,Tigers,AUB,Auburn Tigers,Auburn,03244d,f1f2f3,https://a.espncdn.com/i/teamlogos/ncaa/500/2.png,away,53,false,0,0,13,36.7,18,49,0,10,66.7,10,15,7,0,0,0,36.8,7,19,20,0,0,0,41,s:40~l:54~t:41,uconn-huskies,UConn,Huskies,CONN,UConn Huskies,UConn,0c2340,f1f2f3,https://a.espncdn.com/i/teamlogos/ncaa/500/41.png,79
244000059,2004,3,2004-03-23,2004-03-23T21:00:00.000000-0500,41,s:40~l:54~t:41,uconn-huskies,UConn,Huskies,CONN,UConn Huskies,UConn,0c2340,f1f2f3,https://a.espncdn.com/i/teamlogos/ncaa/500/41.png,home,79,true,0,0,21,53.6,30,56,0,11,71.4,5,7,8,0,0,0,51.9,14,27,29,0,0,0,2,s:40~l:54~t:2,auburn-tigers,Auburn,Tigers,AUB,Auburn Tigers,Auburn,03244d,f1f2f3,https://a.espncdn.com/i/teamlogos/ncaa/500/2.png,53
244000037,2004,3,2004-03-23,2004-03-23T21:00:00.000000-0500,120,s:40~l:54~t:120,maryland-terrapins,Maryland,Terrapins,MD,Maryland Terrapins,Maryland,D5002B,ffcd00,https://a.espncdn.com/i/teamlogos/ncaa/500/120.png,away,61,false,0,0,25,38.2,21,55,0,15,83.3,15,18,6,0,0,0,26.7,4,15,34,0,0,0,99,s:40~l:54~t:99,lsu-tigers,LSU,Tigers,LSU,LSU Tigers,LSU,461d7c,fdd023,https://a.espncdn.com/i/teamlogos/ncaa/500/99.png,76
244000037,2004,3,2004-03-23,2004-03-23T21:00:00.000000-0500,99,s:40~l:54~t:99,lsu-tigers,LSU,Tigers,LSU,LSU Tigers,LSU,461d7c,fdd023,https://a.espncdn.com/i/teamlogos/ncaa/500/99.png,home,76,true,0,0,25,46.0,29,63,0,13,88.9,16,18,5,0,0,0,28.6,2,7,35,0,0,0,120,s:40~l:54~t:120,maryland-terrapins,Maryland,Terrapins,MD,Maryland Terrapins,Maryland,D5002B,ffcd00,https://a.espncdn.com/i/teamlogos/ncaa/500/120.png,61
244000034,2004,3,2004-03-23,2004-03-23T21:30:00.000000-0500,127,s:40~l:54~t:127,michigan-state-spartans,Michigan State,Spartans,MSU,Michigan State Spartans,Michigan St,18453B,ffffff,https://a.espncdn.com/i/teamlogos/ncaa/500/127.png,away,61,false,0,0,19,35.9,23,64,0,20,66.7,10,15,12,0,0,0,29.4,5,17,31,0,0,0,251,s:40~l:54~t:251,texas-longhorns,Texas,Longhorns,TEX,Texas Longhorns,Texas,c15d26,ffffff,https://a.espncdn.com/i/teamlogos/ncaa/500/251.png,80
244000034,2004,3,2004-03-23,2004-03-23T21:30:00.000000-0500,251,s:40~l:54~t:251,texas-longhorns,Texas,Longhorns,TEX,Texas Longhorns,Texas,c15d26,ffffff,https://a.espncdn.com/i/teamlogos/ncaa/500/251.png,home,80,true,0,0,25,53.8,28,52,0,14,68.2,15,22,5,0,0,0,60.0,9,15,30,0,0,0,127,s:40~l:54~t:127,michigan-state-spartans,Michigan State,Spartans,MSU,Michigan State Spartans,Michigan St,18453B,ffffff,https://a.espncdn.com/i/teamlogos/ncaa/500/127.png,61
244000013,2004,3,2004-03-23,2004-03-23T21:30:00.000000-0500,135,s:40~l:54~t:135,minnesota-golden-gophers,Minnesota,Golden Gophers,MINN,Minnesota Golden Gophers,Minnesota,981a31,981a31,https://a.espncdn.com/i/teamlogos/ncaa/500/135.png,away,80,true,0,0,25,52.1,25,48,0,18,81.5,22,27,13,0,0,0,53.3,8,15,38,0,0,0,2306,s:40~l:54~t:2306,kansas-state-wildcats,Kansas State,Wildcats,KSU,Kansas State Wildcats,Kansas St,633194,e7d2ad,https://a.espncdn.com/i/teamlogos/ncaa/500/2306.png,61
244000013,2004,3,2004-03-23,2004-03-23T21:30:00.000000-0500,2306,s:40~l:54~t:2306,kansas-state-wildcats,Kansas State,Wildcats,KSU,Kansas State Wildcats,Kansas St,633194,e7d2ad,https://a.espncdn.com/i/teamlogos/ncaa/500/2306.png,home,61,false,0,0,15,39.3,22,56,0,21,82.4,14,17,7,0,0,0,23.1,3,13,22,0,0,0,135,s:40~l:54~t:135,minnesota-golden-gophers,Minnesota,Golden Gophers,MINN,Minnesota Golden Gophers,Minnesota,981a31,981a31,https://a.espncdn.com/i/teamlogos/ncaa/500/135.png,80
244000041,2004,3,2004-03-22,2004-03-22T19:00:00.000000-0500,2628,s:40~l:54~t:2628,tcu-horned-frogs,TCU,Horned Frogs,TCU,TCU Horned Frogs,TCU,4d1979,f1f2f3,https://a.espncdn.com/i/teamlogos/ncaa/500/2628.png,away,71,false,0,0,21,37.7,23,61,0,17,78.3,18,23,12,0,0,0,29.2,7,24,33,0,0,0,61,s:40~l:54~t:61,georgia-lady-bulldogs,Georgia,Lady Bulldogs,UGA,Georgia Lady Bulldogs,Georgia,CC0000,000000,https://a.espncdn.com/i/teamlogos/ncaa/500/61.png,85
244000041,2004,3,2004-03-22,2004-03-22T19:00:00.000000-0500,61,s:40~l:54~t:61,georgia-lady-bulldogs,Georgia,Lady Bulldogs,UGA,Georgia Lady Bulldogs,Georgia,CC0000,000000,https://a.espncdn.com/i/teamlogos/ncaa/500/61.png,home,85,true,0,0,23,48.0,36,75,0,21,71.4,10,14,13,0,0,0,27.3,3,11,36,0,0,0,2628,s:40~l:54~t:2628,tcu-horned-frogs,TCU,Horned Frogs,TCU,TCU Horned Frogs,TCU,4d1979,f1f2f3,https://a.espncdn.com/i/teamlogos/ncaa/500/2628.png,71
244000028,2004,3,2004-03-22,2004-03-22T19:00:00.000000-0500,236,s:40~l:54~t:236,chattanooga-mocs,Chattanooga,Mocs,UTC,Chattanooga Mocs,Chattanooga,00386b,dca71d,https://a.espncdn.com/i/teamlogos/ncaa/500/236.png,away,44,false,0,0,18,25.8,17,66,0,9,75.0,6,8,12,0,0,0,19.0,4,21,37,0,0,0,238,s:40~l:54~t:238,vanderbilt-commodores,Vanderbilt,Commodores,VAN,Vanderbilt Commodores,Vanderbilt,000000,231f20,https://a.espncdn.com/i/teamlogos/ncaa/500/238.png,60
244000028,2004,3,2004-03-22,2004-03-22T19:00:00.000000-0500,238,s:40~l:54~t:238,vanderbilt-commodores,Vanderbilt,Commodores,VAN,Vanderbilt Commodores,Vanderbilt,000000,231f20,https://a.espncdn.com/i/teamlogos/ncaa/500/238.png,home,60,true,0,0,35,53.7,29,54,0,11,33.3,2,6,7,0,0,0,30.0,3,10,42,0,0,0,236,s:40~l:54~t:236,chattanooga-mocs,Chattanooga,Mocs,UTC,Chattanooga Mocs,Chattanooga,00386b,dca71d,https://a.espncdn.com/i/teamlogos/ncaa/500/236.png,44
244000010,2004,3,2004-03-22,2004-03-22T19:00:00.000000-0500,194,s:40~l:54~t:194,ohio-state-buckeyes,Ohio State,Buckeyes,OSU,Ohio State Buckeyes,Ohio State,ce1141,505056,https://a.espncdn.com/i/teamlogos/ncaa/500/194.png,away,48,false,0,0,16,37.5,21,56,0,14,20.0,2,10,10,0,0,0,28.6,4,14,26,0,0,0,103,s:40~l:54~t:103,boston-college-eagles,Boston College,Eagles,BC,Boston College Eagles,Boston College,8c2232,dbcca6,https://a.espncdn.com/i/teamlogos/ncaa/500/103.png,63
244000010,2004,3,2004-03-22,2004-03-22T19:00:00.000000-0500,103,s:40~l:54~t:103,boston-college-eagles,Boston College,Eagles,BC,Boston College Eagles,Boston College,8c2232,dbcca6,https://a.espncdn.com/i/teamlogos/ncaa/500/103.png,home,63,true,0,0,23,45.1,23,51,0,13,70.6,12,17,11,0,0,0,45.5,5,11,34,0,0,0,194,s:40~l:54~t:194,ohio-state-buckeyes,Ohio State,Buckeyes,OSU,Ohio State Buckeyes,Ohio State,ce1141,505056,https://a.espncdn.com/i/teamlogos/ncaa/500/194.png,48
244000021,2004,3,2004-03-22,2004-03-22T21:00:00.000000-0500,57,s:40~l:54~t:57,florida-gators,Florida,Gators,FLA,Florida Gators,Florida,0021a5,fa4616,https://a.espncdn.com/i/teamlogos/ncaa/500/57.png,away,76,false,0,0,14,48.0,24,50,0,11,72.4,21,29,4,0,0,0,60.0,9,15,18,0,0,0,239,s:40~l:54~t:239,baylor-bears,Baylor,Bears,BAY,Baylor Bears,Baylor,154734,ffb81c,https://a.espncdn.com/i/teamlogos/ncaa/500/239.png,91
244000021,2004,3,2004-03-22,2004-03-22T21:00:00.000000-0500,239,s:40~l:54~t:239,baylor-bears,Baylor,Bears,BAY,Baylor Bears,Baylor,154734,ffb81c,https://a.espncdn.com/i/teamlogos/ncaa/500/239.png,home,91,true,0,0,20,57.4,31,54,0,12,84.6,22,26,9,0,0,0,58.3,7,12,29,0,0,0,57,s:40~l:54~t:57,florida-gators,Florida,Gators,FLA,Florida Gators,Florida,0021a5,fa4616,https://a.espncdn.com/i/teamlogos/ncaa/500/57.png,76
244000018,2004,3,2004-03-22,2004-03-22T21:00:00.000000-0500,305,s:40~l:54~t:305,depaul-blue-demons,DePaul,Blue Demons,DEP,DePaul Blue Demons,DePaul,2d649c,ce1125,https://a.espncdn.com/i/teamlogos/ncaa/500/305.png,away,59,false,0,0,17,30.2,19,63,0,15,81.3,13,16,7,0,0,0,34.8,8,23,28,0,0,0,2633,s:40~l:54~t:2633,tennessee-lady-volunteers,Tennessee,Lady Volunteers,TENN,Tennessee Lady Volunteers,Tennessee,ff8200,ffffff,https://a.espncdn.com/i/teamlogos/ncaa/500/2633_ncw.png,79
244000018,2004,3,2004-03-22,2004-03-22T21:00:00.000000-0500,2633,s:40~l:54~t:2633,tennessee-lady-volunteers,Tennessee,Lady Volunteers,TENN,Tennessee Lady Volunteers,Tennessee,ff8200,ffffff,https://a.espncdn.com/i/teamlogos/ncaa/500/2633_ncw.png,home,79,true,0,0,31,47.8,33,69,0,14,66.7,6,9,20,0,0,1,55.6,10,18,55,1,0,0,305,s:40~l:54~t:305,depaul-blue-demons,DePaul,Blue Demons,DEP,DePaul Blue Demons,DePaul,2d649c,ce1125,https://a.espncdn.com/i/teamlogos/ncaa/500/305.png,59
244000056,2004,3,2004-03-22,2004-03-22T23:00:00.000000-0500,2540,s:40~l:54~t:2540,uc-santa-barbara-gauchos,UC Santa Barbara,Gauchos,UCSB,UC Santa Barbara Gauchos,UCSB,1D1160,fdb813,https://a.espncdn.com/i/teamlogos/ncaa/500/2540.png,away,56,true,0,0,31,36.0,18,50,0,15,78.9,15,19,6,0,0,0,29.4,5,17,37,0,0,0,248,s:40~l:54~t:248,houston-cougars,Houston,Cougars,HOU,Houston Cougars,Houston,c92a39,ffffff,https://a.espncdn.com/i/teamlogos/ncaa/500/248.png,52
244000056,2004,3,2004-03-22,2004-03-22T23:00:00.000000-0500,248,s:40~l:54~t:248,houston-cougars,Houston,Cougars,HOU,Houston Cougars,Houston,c92a39,ffffff,https://a.espncdn.com/i/teamlogos/ncaa/500/248.png,home,52,false,0,0,23,32.8,19,58,0,19,63.2,12,19,4,0,0,0,14.3,2,14,27,0,0,0,2540,s:40~l:54~t:2540,uc-santa-barbara-gauchos,UC Santa Barbara,Gauchos,UCSB,UC Santa Barbara Gauchos,UCSB,1D1160,fdb813,https://a.espncdn.com/i/teamlogos/ncaa/500/2540.png,56
244000025,2004,3,2004-03-22,2004-03-22T23:00:00.000000-0500,24,s:40~l:54~t:24,stanford-cardinal,Stanford,Cardinal,STAN,Stanford Cardinal,Stanford,8c1515,ffffff,https://a.espncdn.com/i/teamlogos/ncaa/500/24.png,away,68,true,0,0,24,44.2,23,52,0,16,82.4,14,17,9,0,0,0,42.1,8,19,33,0,0,0,201,s:40~l:54~t:201,oklahoma-sooners,Oklahoma,Sooners,OU,Oklahoma Sooners,Oklahoma,9d2235,ffffff,https://a.espncdn.com/i/teamlogos/ncaa/500/201.png,43
244000025,2004,3,2004-03-22,2004-03-22T23:00:00.000000-0500,201,s:40~l:54~t:201,oklahoma-sooners,Oklahoma,Sooners,OU,Oklahoma Sooners,Oklahoma,9d2235,ffffff,https://a.espncdn.com/i/teamlogos/ncaa/500/201.png,home,43,false,0,0,15,30.6,15,49,0,17,56.3,9,16,10,0,0,0,23.5,4,17,25,0,0,0,24,s:40~l:54~t:24,stanford-cardinal,Stanford,Cardinal,STAN,Stanford Cardinal,Stanford,8c1515,ffffff,https://a.espncdn.com/i/teamlogos/ncaa/500/24.png,68
244000006,2004,3,2004-03-22,2004-03-22T23:00:00.000000-0500,2348,s:40~l:54~t:2348,louisiana-tech-lady-techsters,Louisiana Tech,Lady Techsters,LT,Louisiana Tech Lady Techsters,Louisiana Tech,002d65,d3313a,https://a.espncdn.com/i/teamlogos/ncaa/500/2348.png,away,81,true,0,0,21,42.0,29,69,0,17,85.7,18,21,20,0,0,0,50.0,5,10,41,0,0,0,2641,s:40~l:54~t:2641,texas-tech-lady-raiders,Texas Tech,Lady Raiders,TTU,Texas Tech Lady Raiders,Texas Tech,C80025,231f20,https://a.espncdn.com/i/teamlogos/ncaa/500/2641.png,64
244000006,2004,3,2004-03-22,2004-03-22T23:00:00.000000-0500,2641,s:40~l:54~t:2641,texas-tech-lady-raiders,Texas Tech,Lady Raiders,TTU,Texas Tech Lady Raiders,Texas Tech,C80025,231f20,https://a.espncdn.com/i/teamlogos/ncaa/500/2641.png,home,64,false,0,0,17,38.5,25,65,0,15,81.3,13,16,15,0,0,0,36.4,4,11,32,0,0,0,2348,s:40~l:54~t:2348,louisiana-tech-lady-techsters,Louisiana Tech,Lady Techsters,LT,Louisiana Tech Lady Techsters,Louisiana Tech,002d65,d3313a,https://a.espncdn.com/i/teamlogos/ncaa/500/2348.png,81
244000051,2004,3,2004-03-21,2004-03-21T12:00:00.000000-0500,2393,s:40~l:54~t:2393,middle-tennessee-blue-raiders,Middle Tennessee,Blue Raiders,MTSU,Middle Tennessee Blue Raiders,MTSU,006db6,ffffff,https://a.espncdn.com/i/teamlogos/ncaa/500/2393.png,away,67,true,0,0,17,39.3,24,61,0,9,93.3,14,15,13,0,0,0,23.8,5,21,30,0,0,0,153,s:40~l:54~t:153,north-carolina-tar-heels,North Carolina,Tar Heels,UNC,North Carolina Tar Heels,North Carolina,7bafd4,13294b,https://a.espncdn.com/i/teamlogos/ncaa/500/153.png,62
244000051,2004,3,2004-03-21,2004-03-21T12:00:00.000000-0500,153,s:40~l:54~t:153,north-carolina-tar-heels,North Carolina,Tar Heels,UNC,North Carolina Tar Heels,North Carolina,7bafd4,13294b,https://a.espncdn.com/i/teamlogos/ncaa/500/153.png,home,62,false,0,0,19,37.0,27,73,0,16,88.9,8,9,17,0,0,0,0.0,0,13,36,0,0,0,2393,s:40~l:54~t:2393,middle-tennessee-blue-raiders,Middle Tennessee,Blue Raiders,MTSU,Middle Tennessee Blue Raiders,MTSU,006db6,ffffff,https://a.espncdn.com/i/teamlogos/ncaa/500/2393.png,67
244000048,2004,3,2004-03-21,2004-03-21T12:00:00.000000-0500,2294,s:40~l:54~t:2294,iowa-hawkeyes,Iowa,Hawkeyes,IOWA,Iowa Hawkeyes,Iowa,000000,fcd116,https://a.espncdn.com/i/teamlogos/ncaa/500/2294.png,away,76,false,0,0,16,42.9,27,63,0,15,88.2,15,17,12,0,0,0,46.7,7,15,28,0,0,0,259,s:40~l:54~t:259,virginia-tech-hokies,Virginia Tech,Hokies,VT,Virginia Tech Hokies,Virginia Tech,630031,cf4520,https://a.espncdn.com/i/teamlogos/ncaa/500/259.png,89
244000048,2004,3,2004-03-21,2004-03-21T12:00:00.000000-0500,259,s:40~l:54~t:259,virginia-tech-hokies,Virginia Tech,Hokies,VT,Virginia Tech Hokies,Virginia Tech,630031,cf4520,https://a.espncdn.com/i/teamlogos/ncaa/500/259.png,home,89,true,0,0,22,61.0,36,59,0,15,71.4,10,14,6,0,0,0,87.5,7,8,28,0,0,0,2294,s:40~l:54~t:2294,iowa-hawkeyes,Iowa,Hawkeyes,IOWA,Iowa Hawkeyes,Iowa,000000,fcd116,https://a.espncdn.com/i/teamlogos/ncaa/500/2294.png,76
244000012,2004,3,2004-03-21,2004-03-21T12:00:00.000000-0500,2674,s:40~l:54~t:2674,valparaiso-beacons,Valparaiso,Beacons,VAL,Valparaiso Beacons,Valparaiso,794500,,https://a.espncdn.com/i/teamlogos/ncaa/500/2674.png,away,63,false,0,0,13,35.3,18,51,0,17,83.3,20,24,8,0,0,0,43.8,7,16,21,0,0,0,2306,s:40~l:54~t:2306,kansas-state-wildcats,Kansas State,Wildcats,KSU,Kansas State Wildcats,Kansas St,633194,e7d2ad,https://a.espncdn.com/i/teamlogos/ncaa/500/2306.png,71
244000012,2004,3,2004-03-21,2004-03-21T12:00:00.000000-0500,2306,s:40~l:54~t:2306,kansas-state-wildcats,Kansas State,Wildcats,KSU,Kansas State Wildcats,Kansas St,633194,e7d2ad,https://a.espncdn.com/i/teamlogos/ncaa/500/2306.png,home,71,true,0,0,22,53.3,24,45,0,18,74.1,20,27,7,0,0,0,40.0,6,15,29,0,0,0,2674,s:40~l:54~t:2674,valparaiso-beacons,Valparaiso,Beacons,VAL,Valparaiso Beacons,Valparaiso,794500,,https://a.espncdn.com/i/teamlogos/ncaa/500/2674.png,63
244000002,2004,3,2004-03-21,2004-03-21T12:00:00.000000-0500,269,s:40~l:54~t:269,marquette-golden-eagles,Marquette,Golden Eagles,MARQ,Marquette Golden Eagles,Marquette,083963,ffffff,https://a.espncdn.com/i/teamlogos/ncaa/500/269.png,away,67,true,0,0,16,42.6,26,61,0,19,60.0,12,20,12,0,0,0,30.0,3,10,28,0,0,0,295,s:40~l:54~t:295,old-dominion-monarchs,Old Dominion,Monarchs,ODU,Old Dominion Monarchs,Old Dominion,00507d,a1d2f1,https://a.espncdn.com/i/teamlogos/ncaa/500/295.png,64
244000002,2004,3,2004-03-21,2004-03-21T12:00:00.000000-0500,295,s:40~l:54~t:295,old-dominion-monarchs,Old Dominion,Monarchs,ODU,Old Dominion Monarchs,Old Dominion,00507d,a1d2f1,https://a.espncdn.com/i/teamlogos/ncaa/500/295.png,home,64,false,0,0,20,46.2,24,52,0,14,66.7,14,21,11,0,0,0,28.6,2,7,31,0,0,0,269,s:40~l:54~t:269,marquette-golden-eagles,Marquette,Golden Eagles,MARQ,Marquette Golden Eagles,Marquette,083963,ffffff,https://a.espncdn.com/i/teamlogos/ncaa/500/269.png,67
244000050,2004,3,2004-03-21,2004-03-21T14:30:00.000000-0500,2623,s:40~l:54~t:2623,missouri-state-lady-bears,Missouri State,Lady Bears,MOST,Missouri State Lady Bears,Missouri St,5F0000,e8e8e8,https://a.espncdn.com/i/teamlogos/ncaa/500/2623.png,away,65,false,0,0,24,38.6,22,57,0,18,87.5,14,16,4,0,0,0,33.3,7,21,28,0,0,0,87,s:40~l:54~t:87,notre-dame-fighting-irish,Notre Dame,Fighting Irish,ND,Notre Dame Fighting Irish,Notre Dame,0c2340,c99700,https://a.espncdn.com/i/teamlogos/ncaa/500/87.png,69
244000050,2004,3,2004-03-21,2004-03-21T14:30:00.000000-0500,87,s:40~l:54~t:87,notre-dame-fighting-irish,Notre Dame,Fighting Irish,ND,Notre Dame Fighting Irish,Notre Dame,0c2340,c99700,https://a.espncdn.com/i/teamlogos/ncaa/500/87.png,home,69,true,0,0,28,33.8,23,68,0,18,86.4,19,22,11,0,0,0,17.4,4,23,39,0,0,0,2623,s:40~l:54~t:2623,missouri-state-lady-bears,Missouri State,Lady Bears,MOST,Missouri State Lady Bears,Missouri St,5F0000,e8e8e8,https://a.espncdn.com/i/teamlogos/ncaa/500/2623.png,65
244000047,2004,3,2004-03-21,2004-03-21T14:30:00.000000-0500,2261,s:40~l:54~t:2261,hampton-lady-pirates,Hampton,Lady Pirates,HAMP,Hampton Lady Pirates,Hampton,0067AC,,https://a.espncdn.com/i/teamlogos/ncaa/500/2261.png,away,42,false,0,0,12,30.2,16,53,0,18,81.8,9,11,12,0,0,0,9.1,1,11,24,0,0,0,213,s:40~l:54~t:213,penn-state-lady-lions,Penn State,Lady Lions,PSU,Penn State Lady Lions,Penn State,00265D,002e5c,https://a.espncdn.com/i/teamlogos/ncaa/500/213.png,79
244000047,2004,3,2004-03-21,2004-03-21T14:30:00.000000-0500,213,s:40~l:54~t:213,penn-state-lady-lions,Penn State,Lady Lions,PSU,Penn State Lady Lions,Penn State,00265D,002e5c,https://a.espncdn.com/i/teamlogos/ncaa/500/213.png,home,79,true,0,0,24,50.0,25,50,0,12,84.6,22,26,14,0,0,0,41.2,7,17,38,0,0,0,2261,s:40~l:54~t:2261,hampton-lady-pirates,Hampton,Lady Pirates,HAMP,Hampton Lady Pirates,Hampton,0067AC,,https://a.espncdn.com/i/teamlogos/ncaa/500/2261.png,42
244000011,2004,3,2004-03-21,2004-03-21T14:30:00.000000-0500,26,s:40~l:54~t:26,ucla-bruins,UCLA,Bruins,UCLA,UCLA Bruins,UCLA,2774ae,f2a900,https://a.espncdn.com/i/teamlogos/ncaa/500/26.png,away,81,false,0,0,18,49.2,29,59,0,23,72.0,18,25,6,0,0,0,27.8,5,18,24,0,0,0,135,s:40~l:54~t:135,minnesota-golden-gophers,Minnesota,Golden Gophers,MINN,Minnesota Golden Gophers,Minnesota,981a31,981a31,https://a.espncdn.com/i/teamlogos/ncaa/500/135.png,92
244000011,2004,3,2004-03-21,2004-03-21T14:30:00.000000-0500,135,s:40~l:54~t:135,minnesota-golden-gophers,Minnesota,Golden Gophers,MINN,Minnesota Golden Gophers,Minnesota,981a31,981a31,https://a.espncdn.com/i/teamlogos/ncaa/500/135.png,home,92,true,0,0,24,50.0,29,58,0,20,88.2,30,34,8,0,0,0,40.0,6,15,32,0,0,0,26,s:40~l:54~t:26,ucla-bruins,UCLA,Bruins,UCLA,UCLA Bruins,UCLA,2774ae,f2a900,https://a.espncdn.com/i/teamlogos/ncaa/500/26.png,81
244000001,2004,3,2004-03-21,2004-03-21T14:30:00.000000-0500,2466,s:40~l:54~t:2466,northwestern-state-lady-demons,Northwestern State,Lady Demons,NWST,Northwestern State Lady Demons,N'Western St,492F91,ed6118,https://a.espncdn.com/i/teamlogos/ncaa/500/2466.png,away,51,false,0,0,16,28.3,17,60,0,16,73.7,14,19,10,0,0,0,42.9,3,7,26,0,0,0,150,s:40~l:54~t:150,duke-blue-devils,Duke,Blue Devils,DUKE,Duke Blue Devils,Duke,013088,ffffff,https://a.espncdn.com/i/teamlogos/ncaa/500/150.png,103
244000001,2004,3,2004-03-21,2004-03-21T14:30:00.000000-0500,150,s:40~l:54~t:150,duke-blue-devils,Duke,Blue Devils,DUKE,Duke Blue Devils,Duke,013088,ffffff,https://a.espncdn.com/i/teamlogos/ncaa/500/150.png,home,103,true,0,0,33,50.0,38,76,0,16,63.3,19,30,20,0,0,0,37.9,11,29,53,0,0,0,2466,s:40~l:54~t:2466,northwestern-state-lady-demons,Northwestern State,Lady Demons,NWST,Northwestern State Lady Demons,N'Western St,492F91,ed6118,https://a.espncdn.com/i/teamlogos/ncaa/500/2466.png,51
244000057,2004,3,2004-03-21,2004-03-21T19:00:00.000000-0500,152,s:40~l:54~t:152,nc-state-wolfpack,NC State,Wolfpack,NCST,NC State Wolfpack,NC State,EF1216,231f20,https://a.espncdn.com/i/teamlogos/ncaa/500/152.png,away,59,false,0,0,15,42.9,21,49,0,13,80.0,8,10,5,0,0,0,47.4,9,19,20,0,0,0,2,s:40~l:54~t:2,auburn-tigers,Auburn,Tigers,AUB,Auburn Tigers,Auburn,03244d,f1f2f3,https://a.espncdn.com/i/teamlogos/ncaa/500/2.png,79
244000057,2004,3,2004-03-21,2004-03-21T19:00:00.000000-0500,2,s:40~l:54~t:2,auburn-tigers,Auburn,Tigers,AUB,Auburn Tigers,Auburn,03244d,f1f2f3,https://a.espncdn.com/i/teamlogos/ncaa/500/2.png,home,79,true,0,0,19,54.1,33,61,0,9,55.6,5,9,11,0,0,0,53.3,8,15,30,0,0,0,152,s:40~l:54~t:152,nc-state-wolfpack,NC State,Wolfpack,NCST,NC State Wolfpack,NC State,EF1216,231f20,https://a.espncdn.com/i/teamlogos/ncaa/500/152.png,59
244000042,2004,3,2004-03-21,2004-03-21T19:00:00.000000-0500,145,s:40~l:54~t:145,ole-miss-rebels,Ole Miss,Rebels,MISS,Ole Miss Rebels,Ole Miss,001148,00205b,https://a.espncdn.com/i/teamlogos/ncaa/500/145.png,away,63,false,0,0,20,45.5,25,55,0,17,66.7,8,12,3,0,0,0,50.0,5,10,23,0,0,0,222,s:40~l:54~t:222,villanova-wildcats,Villanova,Wildcats,VILL,Villanova Wildcats,Villanova,00205b,13b5ea,https://a.espncdn.com/i/teamlogos/ncaa/500/222.png,66
244000042,2004,3,2004-03-21,2004-03-21T19:00:00.000000-0500,222,s:40~l:54~t:222,villanova-wildcats,Villanova,Wildcats,VILL,Villanova Wildcats,Villanova,00205b,13b5ea,https://a.espncdn.com/i/teamlogos/ncaa/500/222.png,home,66,true,0,0,20,46.0,23,50,0,9,80.0,12,15,8,0,0,0,42.1,8,19,28,0,0,0,145,s:40~l:54~t:145,ole-miss-rebels,Ole Miss,Rebels,MISS,Ole Miss Rebels,Ole Miss,001148,00205b,https://a.espncdn.com/i/teamlogos/ncaa/500/145.png,63
244000035,2004,3,2004-03-21,2004-03-21T19:00:00.000000-0500,120,s:40~l:54~t:120,maryland-terrapins,Maryland,Terrapins,MD,Maryland Terrapins,Maryland,D5002B,ffcd00,https://a.espncdn.com/i/teamlogos/ncaa/500/120.png,away,86,true,0,0,22,56.1,32,57,0,16,65.5,19,29,7,0,0,0,40.0,4,10,29,0,0,0,2390,s:40~l:54~t:2390,miami-hurricanes,Miami,Hurricanes,MIA,Miami Hurricanes,Miami,004325,f0f0f0,https://a.espncdn.com/i/teamlogos/ncaa/500/2390.png,85
244000035,2004,3,2004-03-21,2004-03-21T19:00:00.000000-0500,2390,s:40~l:54~t:2390,miami-hurricanes,Miami,Hurricanes,MIA,Miami Hurricanes,Miami,004325,f0f0f0,https://a.espncdn.com/i/teamlogos/ncaa/500/2390.png,home,85,false,0,0,20,50.0,33,66,0,23,59.1,13,22,15,0,0,0,46.2,6,13,35,0,0,0,120,s:40~l:54~t:120,maryland-terrapins,Maryland,Terrapins,MD,Maryland Terrapins,Maryland,D5002B,ffcd00,https://a.espncdn.com/i/teamlogos/ncaa/500/120.png,86
244000032,2004,3,2004-03-21,2004-03-21T19:00:00.000000-0500,2582,s:40~l:54~t:2582,southern-jaguars,Southern,Jaguars,SOU,Southern Jaguars,Southern,004B97,ffc82d,https://a.espncdn.com/i/teamlogos/ncaa/500/2582.png,away,57,false,0,0,15,40.0,22,55,0,21,87.5,7,8,8,0,0,0,54.5,6,11,23,0,0,0,251,s:40~l:54~t:251,texas-longhorns,Texas,Longhorns,TEX,Texas Longhorns,Texas,c15d26,ffffff,https://a.espncdn.com/i/teamlogos/ncaa/500/251.png,92
244000032,2004,3,2004-03-21,2004-03-21T19:00:00.000000-0500,251,s:40~l:54~t:251,texas-longhorns,Texas,Longhorns,TEX,Texas Longhorns,Texas,c15d26,ffffff,https://a.espncdn.com/i/teamlogos/ncaa/500/251.png,home,92,true,0,0,21,60.8,31,51,0,9,64.9,24,37,10,0,0,0,66.7,6,9,31,0,0,0,2582,s:40~l:54~t:2582,southern-jaguars,Southern,Jaguars,SOU,Southern Jaguars,Southern,004B97,ffc82d,https://a.espncdn.com/i/teamlogos/ncaa/500/2582.png,57
244000058,2004,3,2004-03-21,2004-03-21T21:30:00.000000-0500,219,s:40~l:54~t:219,pennsylvania-quakers,Pennsylvania,Quakers,PENN,Pennsylvania Quakers,Penn,082A74,a6163d,https://a.espncdn.com/i/teamlogos/ncaa/500/219.png,away,55,false,0,0,18,33.9,21,62,0,20,77.8,7,9,10,0,0,0,37.5,6,16,28,0,0,0,41,s:40~l:54~t:41,uconn-huskies,UConn,Huskies,CONN,UConn Huskies,UConn,0c2340,f1f2f3,https://a.espncdn.com/i/teamlogos/ncaa/500/41.png,91
244000058,2004,3,2004-03-21,2004-03-21T21:30:00.000000-0500,41,s:40~l:54~t:41,uconn-huskies,UConn,Huskies,CONN,UConn Huskies,UConn,0c2340,f1f2f3,https://a.espncdn.com/i/teamlogos/ncaa/500/41.png,home,91,true,0,0,28,55.2,32,58,0,10,74.1,20,27,11,0,0,0,38.9,7,18,39,0,0,0,219,s:40~l:54~t:219,pennsylvania-quakers,Pennsylvania,Quakers,PENN,Pennsylvania Quakers,Penn,082A74,a6163d,https://a.espncdn.com/i/teamlogos/ncaa/500/219.png,55
244000043,2004,3,2004-03-21,2004-03-21T21:30:00.000000-0500,2598,s:40~l:54~t:2598,st-francis-pa-red-flash,St. Francis (PA),Red Flash,SFPA,St. Francis (PA) Red Flash,St Francis PA,a20012,,https://a.espncdn.com/i/teamlogos/ncaa/500/2598.png,away,59,false,0,0,16,40.7,24,59,0,16,61.5,8,13,10,0,0,0,20.0,3,15,26,0,0,0,2509,s:40~l:54~t:2509,purdue-boilermakers,Purdue,Boilermakers,PUR,Purdue Boilermakers,Purdue,000000,cfb991,https://a.espncdn.com/i/teamlogos/ncaa/500/2509.png,78
244000043,2004,3,2004-03-21,2004-03-21T21:30:00.000000-0500,2509,s:40~l:54~t:2509,purdue-boilermakers,Purdue,Boilermakers,PUR,Purdue Boilermakers,Purdue,000000,cfb991,https://a.espncdn.com/i/teamlogos/ncaa/500/2509.png,home,78,true,0,0,22,52.5,32,61,0,19,57.1,12,21,13,0,0,0,33.3,2,6,35,0,0,0,2598,s:40~l:54~t:2598,st-francis-pa-red-flash,St. Francis (PA),Red Flash,SFPA,St. Francis (PA) Red Flash,St Francis PA,a20012,,https://a.espncdn.com/i/teamlogos/ncaa/500/2598.png,59
244000036,2004,3,2004-03-21,2004-03-21T21:30:00.000000-0500,2046,s:40~l:54~t:2046,austin-peay-governors,Austin Peay,Governors,APSU,Austin Peay Governors,Austin Peay,8e0b0b,,https://a.espncdn.com/i/teamlogos/ncaa/500/2046.png,away,66,false,0,0,21,45.3,24,53,0,15,70.0,7,10,6,0,0,0,45.8,11,24,27,0,0,0,99,s:40~l:54~t:99,lsu-tigers,LSU,Tigers,LSU,LSU Tigers,LSU,461d7c,fdd023,https://a.espncdn.com/i/teamlogos/ncaa/500/99.png,83
244000036,2004,3,2004-03-21,2004-03-21T21:30:00.000000-0500,99,s:40~l:54~t:99,lsu-tigers,LSU,Tigers,LSU,LSU Tigers,LSU,461d7c,fdd023,https://a.espncdn.com/i/teamlogos/ncaa/500/99.png,home,83,true,0,0,20,50.0,35,70,0,11,57.9,11,19,10,0,0,0,25.0,2,8,30,0,0,0,2046,s:40~l:54~t:2046,austin-peay-governors,Austin Peay,Governors,APSU,Austin Peay Governors,Austin Peay,8e0b0b,,https://a.espncdn.com/i/teamlogos/ncaa/500/2046.png,66
244000033,2004,3,2004-03-21,2004-03-21T21:30:00.000000-0500,12,s:40~l:54~t:12,arizona-wildcats,Arizona,Wildcats,ARIZ,Arizona Wildcats,Arizona,0c234b,ab0520,https://a.espncdn.com/i/teamlogos/ncaa/500/12.png,away,60,false,0,0,15,38.5,20,52,0,17,65.2,15,23,8,0,0,0,38.5,5,13,23,0,0,0,127,s:40~l:54~t:127,michigan-state-spartans,Michigan State,Spartans,MSU,Michigan State Spartans,Michigan St,18453B,ffffff,https://a.espncdn.com/i/teamlogos/ncaa/500/127.png,72
244000033,2004,3,2004-03-21,2004-03-21T21:30:00.000000-0500,127,s:40~l:54~t:127,michigan-state-spartans,Michigan State,Spartans,MSU,Michigan State Spartans,Michigan St,18453B,ffffff,https://a.espncdn.com/i/teamlogos/ncaa/500/127.png,home,72,true,0,0,23,51.9,28,54,0,15,75.0,12,16,10,0,0,0,25.0,4,16,33,0,0,0,12,s:40~l:54~t:12,arizona-wildcats,Arizona,Wildcats,ARIZ,Arizona Wildcats,Arizona,0c234b,ab0520,https://a.espncdn.com/i/teamlogos/ncaa/500/12.png,60
244000040,2004,3,2004-03-20,2004-03-20T11:00:00.000000-0500,2335,s:40~l:54~t:2335,liberty-flames,Liberty,Flames,LIB,Liberty Flames,Liberty,071740,a61f21,https://a.espncdn.com/i/teamlogos/ncaa/500/2335.png,away,53,false,0,0,17,32.3,21,65,0,12,46.7,7,15,23,0,0,0,26.7,4,15,41,0,0,0,61,s:40~l:54~t:61,georgia-lady-bulldogs,Georgia,Lady Bulldogs,UGA,Georgia Lady Bulldogs,Georgia,CC0000,000000,https://a.espncdn.com/i/teamlogos/ncaa/500/61.png,78
244000040,2004,3,2004-03-20,2004-03-20T11:00:00.000000-0500,61,s:40~l:54~t:61,georgia-lady-bulldogs,Georgia,Lady Bulldogs,UGA,Georgia Lady Bulldogs,Georgia,CC0000,000000,https://a.espncdn.com/i/teamlogos/ncaa/500/61.png,home,78,true,0,0,21,45.6,31,68,0,18,71.4,10,14,15,0,0,0,35.3,6,17,36,0,0,0,2335,s:40~l:54~t:2335,liberty-flames,Liberty,Flames,LIB,Liberty Flames,Liberty,071740,a61f21,https://a.espncdn.com/i/teamlogos/ncaa/500/2335.png,53
244000026,2004,3,2004-03-20,2004-03-20T11:00:00.000000-0500,236,s:40~l:54~t:236,chattanooga-mocs,Chattanooga,Mocs,UTC,Chattanooga Mocs,Chattanooga,00386b,dca71d,https://a.espncdn.com/i/teamlogos/ncaa/500/236.png,away,74,true,0,0,20,40.0,22,55,0,7,69.2,27,39,14,0,0,0,21.4,3,14,34,0,0,0,164,s:40~l:54~t:164,rutgers-scarlet-knights,Rutgers,Scarlet Knights,RUTG,Rutgers Scarlet Knights,Rutgers,d21034,ffffff,https://a.espncdn.com/i/teamlogos/ncaa/500/164.png,69
244000026,2004,3,2004-03-20,2004-03-20T11:00:00.000000-0500,164,s:40~l:54~t:164,rutgers-scarlet-knights,Rutgers,Scarlet Knights,RUTG,Rutgers Scarlet Knights,Rutgers,d21034,ffffff,https://a.espncdn.com/i/teamlogos/ncaa/500/164.png,home,69,false,0,0,21,46.0,29,63,0,21,83.3,5,6,10,0,0,0,54.5,6,11,31,0,0,0,236,s:40~l:54~t:236,chattanooga-mocs,Chattanooga,Mocs,UTC,Chattanooga Mocs,Chattanooga,00386b,dca71d,https://a.espncdn.com/i/teamlogos/ncaa/500/236.png,74
244000016,2004,3,2004-03-20,2004-03-20T11:00:00.000000-0500,2142,s:40~l:54~t:2142,colgate-raiders,Colgate,Raiders,COLG,Colgate Raiders,Colgate,8B011D,231f20,https://a.espncdn.com/i/teamlogos/ncaa/500/2142.png,away,54,false,0,0,13,28.2,20,71,0,13,82.4,14,17,14,0,0,0,20.0,2,10,28,0,0,0,2633,s:40~l:54~t:2633,tennessee-lady-volunteers,Tennessee,Lady Volunteers,TENN,Tennessee Lady Volunteers,Tennessee,ff8200,ffffff,https://a.espncdn.com/i/teamlogos/ncaa/500/2633_ncw.png,77
244000016,2004,3,2004-03-20,2004-03-20T11:00:00.000000-0500,2633,s:40~l:54~t:2633,tennessee-lady-volunteers,Tennessee,Lady Volunteers,TENN,Tennessee Lady Volunteers,Tennessee,ff8200,ffffff,https://a.espncdn.com/i/teamlogos/ncaa/500/2633_ncw.png,home,77,true,0,0,28,51.5,34,66,0,13,63.6,7,11,16,0,0,0,18.2,2,11,45,0,0,0,2142,s:40~l:54~t:2142,colgate-raiders,Colgate,Raiders,COLG,Colgate Raiders,Colgate,8B011D,231f20,https://a.espncdn.com/i/teamlogos/ncaa/500/2142.png,54
244000008,2004,3,2004-03-20,2004-03-20T11:00:00.000000-0500,277,s:40~l:54~t:277,west-virginia-mountaineers,West Virginia,Mountaineers,WVU,West Virginia Mountaineers,West Virginia,FFC600,eaaa00,https://a.espncdn.com/i/teamlogos/ncaa/500/277.png,away,67,false,0,0,21,38.3,23,60,0,22,73.3,11,15,10,0,0,0,40.0,10,25,31,0,0,0,194,s:40~l:54~t:194,ohio-state-buckeyes,Ohio State,Buckeyes,OSU,Ohio State Buckeyes,Ohio State,ce1141,505056,https://a.espncdn.com/i/teamlogos/ncaa/500/194.png,73
244000008,2004,3,2004-03-20,2004-03-20T11:00:00.000000-0500,194,s:40~l:54~t:194,ohio-state-buckeyes,Ohio State,Buckeyes,OSU,Ohio State Buckeyes,Ohio State,ce1141,505056,https://a.espncdn.com/i/teamlogos/ncaa/500/194.png,home,73,true,0,0,24,51.0,25,49,0,12,64.7,22,34,8,0,0,0,14.3,1,7,32,0,0,0,277,s:40~l:54~t:277,west-virginia-mountaineers,West Virginia,Mountaineers,WVU,West Virginia Mountaineers,West Virginia,FFC600,eaaa00,https://a.espncdn.com/i/teamlogos/ncaa/500/277.png,67
244000039,2004,3,2004-03-20,2004-03-20T13:30:00.000000-0500,218,s:40~l:54~t:218,temple-owls,Temple,Owls,TEM,Temple Owls,Temple,A80532,a7a9ac,https://a.espncdn.com/i/teamlogos/ncaa/500/218.png,away,57,false,0,0,19,32.4,22,68,0,21,66.7,12,18,16,0,0,0,10.0,1,10,35,0,0,0,2628,s:40~l:54~t:2628,tcu-horned-frogs,TCU,Horned Frogs,TCU,TCU Horned Frogs,TCU,4d1979,f1f2f3,https://a.espncdn.com/i/teamlogos/ncaa/500/2628.png,70
244000039,2004,3,2004-03-20,2004-03-20T13:30:00.000000-0500,2628,s:40~l:54~t:2628,tcu-horned-frogs,TCU,Horned Frogs,TCU,TCU Horned Frogs,TCU,4d1979,f1f2f3,https://a.espncdn.com/i/teamlogos/ncaa/500/2628.png,home,70,true,0,0,27,50.0,26,52,0,16,78.3,18,23,7,0,0,0,0.0,0,9,34,0,0,0,218,s:40~l:54~t:218,temple-owls,Temple,Owls,TEM,Temple Owls,Temple,A80532,a7a9ac,https://a.espncdn.com/i/teamlogos/ncaa/500/218.png,57
244000027,2004,3,2004-03-20,2004-03-20T13:30:00.000000-0500,288,s:40~l:54~t:288,lipscomb-bisons,Lipscomb,Bisons,LIP,Lipscomb Bisons,Lipscomb,20366C,f6b734,https://a.espncdn.com/i/teamlogos/ncaa/500/288.png,away,45,false,0,0,22,29.6,16,54,0,17,69.2,9,13,9,0,0,0,23.5,4,17,31,0,0,0,238,s:40~l:54~t:238,vanderbilt-commodores,Vanderbilt,Commodores,VAN,Vanderbilt Commodores,Vanderbilt,000000,231f20,https://a.espncdn.com/i/teamlogos/ncaa/500/238.png,76
244000027,2004,3,2004-03-20,2004-03-20T13:30:00.000000-0500,238,s:40~l:54~t:238,vanderbilt-commodores,Vanderbilt,Commodores,VAN,Vanderbilt Commodores,Vanderbilt,000000,231f20,https://a.espncdn.com/i/teamlogos/ncaa/500/238.png,home,76,true,0,0,23,43.8,28,64,0,10,76.2,16,21,14,0,0,0,22.2,4,18,37,0,0,0,288,s:40~l:54~t:288,lipscomb-bisons,Lipscomb,Bisons,LIP,Lipscomb Bisons,Lipscomb,20366C,f6b734,https://a.espncdn.com/i/teamlogos/ncaa/500/288.png,45
244000017,2004,3,2004-03-20,2004-03-20T13:30:00.000000-0500,305,s:40~l:54~t:305,depaul-blue-demons,DePaul,Blue Demons,DEP,DePaul Blue Demons,DePaul,2d649c,ce1125,https://a.espncdn.com/i/teamlogos/ncaa/500/305.png,away,83,true,0,0,26,56.7,34,60,0,16,66.7,12,18,7,0,0,0,17.6,3,17,33,0,0,0,45,s:40~l:54~t:45,george-washington-colonials,George Washington,Colonials,GW,George Washington Colonials,G Washington,002843,e8d2a1,https://a.espncdn.com/i/teamlogos/ncaa/500/45.png,46
244000017,2004,3,2004-03-20,2004-03-20T13:30:00.000000-0500,45,s:40~l:54~t:45,george-washington-colonials,George Washington,Colonials,GW,George Washington Colonials,G Washington,002843,e8d2a1,https://a.espncdn.com/i/teamlogos/ncaa/500/45.png,home,46,false,0,0,21,32.7,17,52,0,14,73.3,11,15,9,0,0,0,9.1,1,11,30,0,0,0,305,s:40~l:54~t:305,depaul-blue-demons,DePaul,Blue Demons,DEP,DePaul Blue Demons,DePaul,2d649c,ce1125,https://a.espncdn.com/i/teamlogos/ncaa/500/305.png,83
244000009,2004,3,2004-03-20,2004-03-20T13:30:00.000000-0500,2199,s:40~l:54~t:2199,eastern-michigan-eagles,Eastern Michigan,Eagles,EMU,Eastern Michigan Eagles,E Michigan,00331b,f0f0f0,https://a.espncdn.com/i/teamlogos/ncaa/500/2199.png,away,56,false,0,0,22,34.4,21,61,0,13,80.0,8,10,12,0,0,0,30.0,6,20,34,0,0,0,103,s:40~l:54~t:103,boston-college-eagles,Boston College,Eagles,BC,Boston College Eagles,Boston College,8c2232,dbcca6,https://a.espncdn.com/i/teamlogos/ncaa/500/103.png,58
244000009,2004,3,2004-03-20,2004-03-20T13:30:00.000000-0500,103,s:40~l:54~t:103,boston-college-eagles,Boston College,Eagles,BC,Boston College Eagles,Boston College,8c2232,dbcca6,https://a.espncdn.com/i/teamlogos/ncaa/500/103.png,home,58,true,0,0,21,40.0,24,60,0,15,62.5,5,8,9,0,0,0,45.5,5,11,30,0,0,0,2199,s:40~l:54~t:2199,eastern-michigan-eagles,Eastern Michigan,Eagles,EMU,Eastern Michigan Eagles,E Michigan,00331b,f0f0f0,https://a.espncdn.com/i/teamlogos/ncaa/500/2199.png,56
244000055,2004,3,2004-03-20,2004-03-20T21:00:00.000000-0500,2739,s:40~l:54~t:2739,green-bay-phoenix,Green Bay,Phoenix,GB,Green Bay Phoenix,Green Bay,006633,ffffff,https://a.espncdn.com/i/teamlogos/ncaa/500/2739.png,away,47,false,0,0,22,30.2,19,63,0,10,57.1,4,7,9,0,0,0,23.8,5,21,31,0,0,0,248,s:40~l:54~t:248,houston-cougars,Houston,Cougars,HOU,Houston Cougars,Houston,c92a39,ffffff,https://a.espncdn.com/i/teamlogos/ncaa/500/248.png,62
244000055,2004,3,2004-03-20,2004-03-20T21:00:00.000000-0500,248,s:40~l:54~t:248,houston-cougars,Houston,Cougars,HOU,Houston Cougars,Houston,c92a39,ffffff,https://a.espncdn.com/i/teamlogos/ncaa/500/248.png,home,62,true,0,0,27,38.7,24,62,0,11,77.8,7,9,11,0,0,0,29.2,7,24,38,0,0,0,2739,s:40~l:54~t:2739,green-bay-phoenix,Green Bay,Phoenix,GB,Green Bay Phoenix,Green Bay,006633,ffffff,https://a.espncdn.com/i/teamlogos/ncaa/500/2739.png,47
244000024,2004,3,2004-03-20,2004-03-20T21:00:00.000000-0500,2368,s:40~l:54~t:2368,marist-red-foxes,Marist,Red Foxes,MRST,Marist Red Foxes,Marist,e53730,f0f0f0,https://a.espncdn.com/i/teamlogos/ncaa/500/2368.png,away,45,false,0,0,14,27.1,16,59,0,18,75.0,9,12,10,0,0,0,20.0,4,20,30,0,0,0,201,s:40~l:54~t:201,oklahoma-sooners,Oklahoma,Sooners,OU,Oklahoma Sooners,Oklahoma,9d2235,ffffff,https://a.espncdn.com/i/teamlogos/ncaa/500/201.png,58
244000024,2004,3,2004-03-20,2004-03-20T21:00:00.000000-0500,201,s:40~l:54~t:201,oklahoma-sooners,Oklahoma,Sooners,OU,Oklahoma Sooners,Oklahoma,9d2235,ffffff,https://a.espncdn.com/i/teamlogos/ncaa/500/201.png,home,58,true,0,0,28,45.9,17,37,0,19,95.8,23,24,3,0,0,0,10.0,1,10,38,0,0,0,2368,s:40~l:54~t:2368,marist-red-foxes,Marist,Red Foxes,MRST,Marist Red Foxes,Marist,e53730,f0f0f0,https://a.espncdn.com/i/teamlogos/ncaa/500/2368.png,45
244000019,2004,3,2004-03-20,2004-03-20T21:00:00.000000-0500,167,s:40~l:54~t:167,new-mexico-lobos,New Mexico,Lobos,UNM,New Mexico Lobos,New Mexico,000000,231f20,https://a.espncdn.com/i/teamlogos/ncaa/500/167.png,away,56,false,0,0,20,32.1,18,56,0,16,75.0,15,20,9,0,0,0,23.8,5,21,29,0,0,0,57,s:40~l:54~t:57,florida-gators,Florida,Gators,FLA,Florida Gators,Florida,0021a5,fa4616,https://a.espncdn.com/i/teamlogos/ncaa/500/57.png,68
244000019,2004,3,2004-03-20,2004-03-20T21:00:00.000000-0500,57,s:40~l:54~t:57,florida-gators,Florida,Gators,FLA,Florida Gators,Florida,0021a5,fa4616,https://a.espncdn.com/i/teamlogos/ncaa/500/57.png,home,68,true,0,0,24,40.7,24,59,0,17,68.2,15,22,15,0,0,0,31.3,5,16,39,0,0,0,167,s:40~l:54~t:167,new-mexico-lobos,New Mexico,Lobos,UNM,New Mexico Lobos,New Mexico,000000,231f20,https://a.espncdn.com/i/teamlogos/ncaa/500/167.png,56
244000005,2004,3,2004-03-20,2004-03-20T21:00:00.000000-0500,311,s:40~l:54~t:311,maine-black-bears,Maine,Black Bears,MAINE,Maine Black Bears,Maine,127dbe,,https://a.espncdn.com/i/teamlogos/ncaa/500/311.png,away,50,false,0,0,15,34.5,19,55,0,21,58.8,10,17,10,0,0,0,28.6,2,7,25,0,0,0,2641,s:40~l:54~t:2641,texas-tech-lady-raiders,Texas Tech,Lady Raiders,TTU,Texas Tech Lady Raiders,Texas Tech,C80025,231f20,https://a.espncdn.com/i/teamlogos/ncaa/500/2641.png,60
244000005,2004,3,2004-03-20,2004-03-20T21:00:00.000000-0500,2641,s:40~l:54~t:2641,texas-tech-lady-raiders,Texas Tech,Lady Raiders,TTU,Texas Tech Lady Raiders,Texas Tech,C80025,231f20,https://a.espncdn.com/i/teamlogos/ncaa/500/2641.png,home,60,true,0,0,23,40.8,20,49,0,15,71.4,20,28,9,0,0,0,0.0,0,8,32,0,0,0,311,s:40~l:54~t:311,maine-black-bears,Maine,Black Bears,MAINE,Maine Black Bears,Maine,127dbe,,https://a.espncdn.com/i/teamlogos/ncaa/500/311.png,50
244000054,2004,3,2004-03-20,2004-03-20T23:30:00.000000-0500,2540,s:40~l:54~t:2540,uc-santa-barbara-gauchos,UC Santa Barbara,Gauchos,UCSB,UC Santa Barbara Gauchos,UCSB,1D1160,fdb813,https://a.espncdn.com/i/teamlogos/ncaa/500/2540.png,away,76,true,0,0,22,44.6,25,56,0,20,82.8,24,29,7,0,0,0,16.7,2,12,29,0,0,0,38,s:40~l:54~t:38,colorado-buffaloes,Colorado,Buffaloes,COLO,Colorado Buffaloes,Colorado,000000,cfb87c,https://a.espncdn.com/i/teamlogos/ncaa/500/38.png,49
244000054,2004,3,2004-03-20,2004-03-20T23:30:00.000000-0500,38,s:40~l:54~t:38,colorado-buffaloes,Colorado,Buffaloes,COLO,Colorado Buffaloes,Colorado,000000,cfb87c,https://a.espncdn.com/i/teamlogos/ncaa/500/38.png,home,49,false,0,0,19,27.9,12,43,0,24,69.7,23,33,7,0,0,0,22.2,2,9,26,0,0,0,2540,s:40~l:54~t:2540,uc-santa-barbara-gauchos,UC Santa Barbara,Gauchos,UCSB,UC Santa Barbara Gauchos,UCSB,1D1160,fdb813,https://a.espncdn.com/i/teamlogos/ncaa/500/2540.png,76
244000023,2004,3,2004-03-20,2004-03-20T23:30:00.000000-0500,142,s:40~l:54~t:142,missouri-tigers,Missouri,Tigers,MIZ,Missouri Tigers,Missouri,f1b82d,000000,https://a.espncdn.com/i/teamlogos/ncaa/500/142.png,away,44,false,0,0,0,94.7,18,19,0,1,100.0,5,5,1,0,0,0,100.0,3,3,1,0,0,0,24,s:40~l:54~t:24,stanford-cardinal,Stanford,Cardinal,STAN,Stanford Cardinal,Stanford,8c1515,ffffff,https://a.espncdn.com/i/teamlogos/ncaa/500/24.png,68
244000023,2004,3,2004-03-20,2004-03-20T23:30:00.000000-0500,24,s:40~l:54~t:24,stanford-cardinal,Stanford,Cardinal,STAN,Stanford Cardinal,Stanford,8c1515,ffffff,https://a.espncdn.com/i/teamlogos/ncaa/500/24.png,home,68,true,0,0,0,100.0,24,24,0,0,92.3,12,13,0,0,0,0,100.0,8,8,0,0,0,0,142,s:40~l:54~t:142,missouri-tigers,Missouri,Tigers,MIZ,Missouri Tigers,Missouri,f1b82d,000000,https://a.espncdn.com/i/teamlogos/ncaa/500/142.png,44
244000020,2004,3,2004-03-20,2004-03-20T23:30:00.000000-0500,2351,s:40~l:54~t:2351,loyola-marymount-lions,Loyola Marymount,Lions,LMU,Loyola Marymount Lions,LMU,880029,00345b,https://a.espncdn.com/i/teamlogos/ncaa/500/2351.png,away,60,false,0,0,24,36.4,20,55,0,17,61.1,11,18,6,0,0,0,39.1,9,23,30,0,0,0,239,s:40~l:54~t:239,baylor-bears,Baylor,Bears,BAY,Baylor Bears,Baylor,154734,ffb81c,https://a.espncdn.com/i/teamlogos/ncaa/500/239.png,71
244000020,2004,3,2004-03-20,2004-03-20T23:30:00.000000-0500,239,s:40~l:54~t:239,baylor-bears,Baylor,Bears,BAY,Baylor Bears,Baylor,154734,ffb81c,https://a.espncdn.com/i/teamlogos/ncaa/500/239.png,home,71,true,0,0,22,43.3,26,60,0,15,72.7,16,22,9,0,0,0,50.0,5,10,32,0,0,0,2351,s:40~l:54~t:2351,loyola-marymount-lions,Loyola Marymount,Lions,LMU,Loyola Marymount Lions,LMU,880029,00345b,https://a.espncdn.com/i/teamlogos/ncaa/500/2351.png,60
244000004,2004,3,2004-03-20,2004-03-20T23:30:00.000000-0500,149,s:40~l:54~t:149,montana-lady-griz,Montana,Lady Griz,MONT,Montana Lady Griz,Montana,751D4A,666666,https://a.espncdn.com/i/teamlogos/ncaa/500/149.png,away,77,false,0,0,19,41.3,26,63,0,21,66.7,18,27,10,0,0,0,58.3,7,12,29,0,0,0,2348,s:40~l:54~t:2348,louisiana-tech-lady-techsters,Louisiana Tech,Lady Techsters,LT,Louisiana Tech Lady Techsters,Louisiana Tech,002d65,d3313a,https://a.espncdn.com/i/teamlogos/ncaa/500/2348.png,81
244000004,2004,3,2004-03-20,2004-03-20T23:30:00.000000-0500,2348,s:40~l:54~t:2348,louisiana-tech-lady-techsters,Louisiana Tech,Lady Techsters,LT,Louisiana Tech Lady Techsters,Louisiana Tech,002d65,d3313a,https://a.espncdn.com/i/teamlogos/ncaa/500/2348.png,home,81,true,0,0,26,46.4,26,56,0,21,76.7,23,30,7,0,0,0,75.0,6,8,33,0,0,0,149,s:40~l:54~t:149,montana-lady-griz,Montana,Lady Griz,MONT,Montana Lady Griz,Montana,751D4A,666666,https://a.espncdn.com/i/teamlogos/ncaa/500/149.png,77
